ARTICULO,MODELO,DESCRIPCION,IMAGEN,PRECIO ANTES DE IVA,CANTIDAD POR PAQUETE,SUB TOTAL,,,
DESCRIPCIÓN,CÓDIGOS,CONTENIDO,,,,,,,
Palomera,CP7 R01,Paquete individual con 6 cajas palomeras del mismo diseño 12x6x6 cm. Un empaque contiene 10 paquetes,,$17.83,,$0.00,,,
Palomera,CP7 R02,Paquete individual con 6 cajas palomeras del mismo diseño 12x6x6 cm. Un empaque contiene 10 paquetes,,$17.83,,$0.00,,,
Palomera,CP7 R04,Paquete individual con 6 cajas palomeras del mismo diseño 12x6x6 cm. Un empaque contiene 10 paquetes,,$17.83,,$0.00,,,
Palomera,CP7 R06,Paquete individual con 6 cajas palomeras del mismo diseño 12x6x6 cm. Un empaque contiene 10 paquetes,,$17.83,,$0.00,,,
Palomera,CP7 R07,Paquete individual con 6 cajas palomeras del mismo diseño 12x6x6 cm. Un empaque contiene 10 paquetes,,$17.83,,$0.00,,,
Palomera,CP7 R09,Paquete individual con 6 cajas palomeras del mismo diseño 12x6x6 cm. Un empaque contiene 10 paquetes,,$17.83,,$0.00,,,
Palomera,CP7 R12,Paquete individual con 6 cajas palomeras del mismo diseño 12x6x6 cm. Un empaque contiene 10 paquetes,,$17.83,,$0.00,,,
Palomera,CP7 R13,Paquete individual con 6 cajas palomeras del mismo diseño 12x6x6 cm. Un empaque contiene 10 paquetes,,$17.83,,$0.00,,,
Palomera,CP7 R17,Paquete individual con 6 cajas palomeras del mismo diseño 12x6x6 cm. Un empaque contiene 10 paquetes,,$17.83,,$0.00,,,
Palomera,CP7 R18,Paquete individual con 6 cajas palomeras del mismo diseño 12x6x6 cm. Un empaque contiene 10 paquetes,,$17.83,,$0.00,,,
Palomera,CP7 L01,Paquete individual con 6 cajas palomeras del mismo diseño 12x6x6 cm. Un empaque contiene 10 paquetes,,$17.83,,$0.00,,,
Palomera,CP7 L02,Paquete individual con 6 cajas palomeras del mismo diseño 12x6x6 cm. Un empaque contiene 10 paquetes,,$17.83,,$0.00,,,
Palomera,CP7 L04,Paquete individual con 6 cajas palomeras del mismo diseño 12x6x6 cm. Un empaque contiene 10 paquetes,,$17.83,,$0.00,,,
Palomera,CP7 L06,Paquete individual con 6 cajas palomeras del mismo diseño 12x6x6 cm. Un empaque contiene 10 paquetes,,$17.83,,$0.00,,,
Palomera,CP7 L07,Paquete individual con 6 cajas palomeras del mismo diseño 12x6x6 cm. Un empaque contiene 10 paquetes,,$17.83,,$0.00,,,
Palomera,CP7 L09,Paquete individual con 6 cajas palomeras del mismo diseño 12x6x6 cm. Un empaque contiene 10 paquetes,,$17.83,,$0.00,,,
Palomera,CP7 L12,Paquete individual con 6 cajas palomeras del mismo diseño 12x6x6 cm. Un empaque contiene 10 paquetes,,$17.83,,$0.00,,,
Palomera,CP7 L13,Paquete individual con 6 cajas palomeras del mismo diseño 12x6x6 cm. Un empaque contiene 10 paquetes,,$17.83,,$0.00,,,
Palomera,CP7 L17,Paquete individual con 6 cajas palomeras del mismo diseño 12x6x6 cm. Un empaque contiene 10 paquetes,,$17.83,,$0.00,,,
Palomera,CP7 L18,Paquete individual con 6 cajas palomeras del mismo diseño 12x6x6 cm. Un empaque contiene 10 paquetes,,$17.83,,$0.00,,,
Palomera,CP7 DC10,Paquete individual con 6 cajas palomeras del mismo diseño 12x6x6 cm. Un empaque contiene 10 paquetes,,$17.83,,$0.00,,,
Palomera,CP7 DC13,Paquete individual con 6 cajas palomeras del mismo diseño 12x6x6 cm. Un empaque contiene 10 paquetes,,$17.83,,$0.00,,,
Palomera,CP7 DC15,Paquete individual con 6 cajas palomeras del mismo diseño 12x6x6 cm. Un empaque contiene 10 paquetes,,$17.83,,$0.00,,,
Palomera,CP7 DC18,Paquete individual con 6 cajas palomeras del mismo diseño 12x6x6 cm. Un empaque contiene 10 paquetes,,$17.83,,$0.00,,,
Palomera,CP7 DC23,Paquete individual con 6 cajas palomeras del mismo diseño 12x6x6 cm. Un empaque contiene 10 paquetes,,$17.83,,$0.00,,,
Palomera,CP7 DC25,Paquete individual con 6 cajas palomeras del mismo diseño 12x6x6 cm. Un empaque contiene 10 paquetes,,$17.83,,$0.00,,,
Palomera,CP7 DC29,Paquete individual con 6 cajas palomeras del mismo diseño 12x6x6 cm. Un empaque contiene 10 paquetes,,$17.83,,$0.00,,,
Palomera,CP7 DC28,Paquete individual con 6 cajas palomeras del mismo diseño 12x6x6 cm. Un empaque contiene 10 paquetes,,$17.83,,$0.00,,,
Palomera,CP7 DC31,Paquete individual con 6 cajas palomeras del mismo diseño 12x6x6 cm. Un empaque contiene 10 paquetes,,$17.83,,$0.00,,,
Palomera,CP7 DC32,Paquete individual con 6 cajas palomeras del mismo diseño 12x6x6 cm. Un empaque contiene 10 paquetes,,$17.83,,$0.00,,,
Palomera,CP7 DC18A,Paquete individual con 6 cajas palomeras del mismo diseño 12x6x6 cm. Un empaque contiene 10 paquetes,,$17.83,,$0.00,,,
Palomera,CP7 DB07,Paquete individual con 6 cajas palomeras del mismo diseño 12x6x6 cm. Un empaque contiene 10 paquetes,,$17.83,,$0.00,,,
Palomera,CP7 DB33,Paquete individual con 6 cajas palomeras del mismo diseño 12x6x6 cm. Un empaque contiene 10 paquetes,,$17.83,,$0.00,,,
Palomera,CP7 DB34,Paquete individual con 6 cajas palomeras del mismo diseño 12x6x6 cm. Un empaque contiene 10 paquetes,,$17.83,,$0.00,,,
Palomera,CP7 DB35,Paquete individual con 6 cajas palomeras del mismo diseño 12x6x6 cm. Un empaque contiene 10 paquetes,,$17.83,,$0.00,,,
Palomera,CP7 DB36,Paquete individual con 6 cajas palomeras del mismo diseño 12x6x6 cm. Un empaque contiene 10 paquetes,,$17.83,,$0.00,,,
Palomera,CP7 DB37,Paquete individual con 6 cajas palomeras del mismo diseño 12x6x6 cm. Un empaque contiene 10 paquetes,,$17.83,,$0.00,,,
Palomera,CP7 DB38,Paquete individual con 6 cajas palomeras del mismo diseño 12x6x6 cm. Un empaque contiene 10 paquetes,,$17.83,,$0.00,,,
Palomera,CP7 DB39,Paquete individual con 6 cajas palomeras del mismo diseño 12x6x6 cm. Un empaque contiene 10 paquetes,,$17.83,,$0.00,,,
Palomera,CP7 DB40,Paquete individual con 6 cajas palomeras del mismo diseño 12x6x6 cm. Un empaque contiene 10 paquetes,,$17.83,,$0.00,,,
Palomera,CP7 DB41,Paquete individual con 6 cajas palomeras del mismo diseño 12x6x6 cm. Un empaque contiene 10 paquetes,,$17.83,,$0.00,,,
Palomera,CP7 DB42,Paquete individual con 6 cajas palomeras del mismo diseño 12x6x6 cm. Un empaque contiene 10 paquetes,,$17.83,,$0.00,,,
Palomera,CP7 DB43,Paquete individual con 6 cajas palomeras del mismo diseño 12x6x6 cm. Un empaque contiene 10 paquetes,,$17.83,,$0.00,,,
Palomera,CP7 DB44,Paquete individual con 6 cajas palomeras del mismo diseño 12x6x6 cm. Un empaque contiene 10 paquetes,,$17.83,,$0.00,,,
Palomera,CP7 DB45,Paquete individual con 6 cajas palomeras del mismo diseño 12x6x6 cm. Un empaque contiene 10 paquetes,,$17.83,,$0.00,,,
Palomera,CP7 DB46,Paquete individual con 6 cajas palomeras del mismo diseño 12x6x6 cm. Un empaque contiene 10 paquetes,,$17.83,,$0.00,,,
Palomera,CP7 DB47,Paquete individual con 6 cajas palomeras del mismo diseño 12x6x6 cm. Un empaque contiene 10 paquetes,,$17.83,,$0.00,,,
Palomera,CP7 DB48,Paquete individual con 6 cajas palomeras del mismo diseño 12x6x6 cm. Un empaque contiene 10 paquetes,,$17.83,,$0.00,,,
Palomera,CP7 DB49,Paquete individual con 6 cajas palomeras del mismo diseño 12x6x6 cm. Un empaque contiene 10 paquetes,,$17.83,,$0.00,,,
Palomera,CP7 DB50,Paquete individual con 6 cajas palomeras del mismo diseño 12x6x6 cm. Un empaque contiene 10 paquetes,,$17.83,,$0.00,,,
Palomera,CP7 DB51,Paquete individual con 6 cajas palomeras del mismo diseño 12x6x6 cm. Un empaque contiene 10 paquetes,,$17.83,,$0.00,,,
Palomera,CP7 DB52,Paquete individual con 6 cajas palomeras del mismo diseño 12x6x6 cm. Un empaque contiene 10 paquetes,,$17.83,,$0.00,,,
Palomera,CP7 DB53,Paquete individual con 6 cajas palomeras del mismo diseño 12x6x6 cm. Un empaque contiene 10 paquetes,,$17.83,,$0.00,,,
Palomera,CP7 DB54,Paquete individual con 6 cajas palomeras del mismo diseño 12x6x6 cm. Un empaque contiene 10 paquetes,,$17.83,,$0.00,,,
Palomera,CP7 DP304,Paquete individual con 6 cajas palomeras del mismo diseño 12x6x6 cm. Un empaque contiene 10 paquetes,,$17.83,,$0.00,,,
Palomera,CP7 DP305,Paquete individual con 6 cajas palomeras del mismo diseño 12x6x6 cm. Un empaque contiene 10 paquetes,,$17.83,,$0.00,,,
Palomera,CP7 DP306,Paquete individual con 6 cajas palomeras del mismo diseño 12x6x6 cm. Un empaque contiene 10 paquetes,,$17.83,,$0.00,,,
Palomera,CP7 DP307,Paquete individual con 6 cajas palomeras del mismo diseño 12x6x6 cm. Un empaque contiene 10 paquetes,,$17.83,,$0.00,,,
Palomera,CP7 DP308,Paquete individual con 6 cajas palomeras del mismo diseño 12x6x6 cm. Un empaque contiene 10 paquetes,,$17.83,,$0.00,,,
Palomera,CP7 DP402,Paquete individual con 6 cajas palomeras del mismo diseño 12x6x6 cm. Un empaque contiene 10 paquetes,,$17.83,,$0.00,,,
Palomera,CP7 DP403,Paquete individual con 6 cajas palomeras del mismo diseño 12x6x6 cm. Un empaque contiene 10 paquetes,,$17.83,,$0.00,,,
Palomera,CP7 DD601,Paquete individual con 6 cajas palomeras del mismo diseño 12x6x6 cm. Un empaque contiene 10 paquetes,,$17.83,,$0.00,,,
Palomera,CP7 DD602,Paquete individual con 6 cajas palomeras del mismo diseño 12x6x6 cm. Un empaque contiene 10 paquetes,,$17.83,,$0.00,,,
Palomera,CP7 DD603,Paquete individual con 6 cajas palomeras del mismo diseño 12x6x6 cm. Un empaque contiene 10 paquetes,,$17.83,,$0.00,,,
Palomera,CP7 DD604,Paquete individual con 6 cajas palomeras del mismo diseño 12x6x6 cm. Un empaque contiene 10 paquetes,,$17.83,,$0.00,,,
Palomera,CP7 DD605,Paquete individual con 6 cajas palomeras del mismo diseño 12x6x6 cm. Un empaque contiene 10 paquetes,,$17.83,,$0.00,,,
Palomera,CP7 DD101,Paquete individual con 6 cajas palomeras del mismo diseño 12x6x6 cm. Un empaque contiene 10 paquetes,,$17.83,,$0.00,,,
Palomera,CP7 DD102,Paquete individual con 6 cajas palomeras del mismo diseño 12x6x6 cm. Un empaque contiene 10 paquetes,,$17.83,,$0.00,,,
Palomera,CP7 DD901,Paquete individual con 6 cajas palomeras del mismo diseño 12x6x6 cm. Un empaque contiene 10 paquetes,,$17.83,,$0.00,,,
Palomera,CP7 DD902,Paquete individual con 6 cajas palomeras del mismo diseño 12x6x6 cm. Un empaque contiene 10 paquetes,,$17.83,,$0.00,,,
Palomera,CP7 DP04,Paquete individual con 6 cajas palomeras del mismo diseño 12x6x6 cm. Un empaque contiene 10 paquetes,,$17.83,,$0.00,,,
Palomera,CP7 DP05,Paquete individual con 6 cajas palomeras del mismo diseño 12x6x6 cm. Un empaque contiene 10 paquetes,,$17.83,,$0.00,,,
Palomera,CP7 PG05,Paquete individual con 6 cajas palomeras del mismo diseño 12x6x6 cm. Un empaque contiene 10 paquetes,,$17.83,,$0.00,,,
Palomera,CP7 S00,Paquete individual con 6 cajas palomeras del mismo diseño 12x6x6 cm. Un empaque contiene 10 paquetes,,$17.83,,$0.00,,,
Palomera,CP7 S01,Paquete individual con 6 cajas palomeras del mismo diseño 12x6x6 cm. Un empaque contiene 10 paquetes,,$17.83,,$0.00,,,
Palomera,CP7 S02,Paquete individual con 6 cajas palomeras del mismo diseño 12x6x6 cm. Un empaque contiene 10 paquetes,,$17.83,,$0.00,,,
Palomera,CP7 S03,Paquete individual con 6 cajas palomeras del mismo diseño 12x6x6 cm. Un empaque contiene 10 paquetes,,$17.83,,$0.00,,,
Palomera,CP7 S04,Paquete individual con 6 cajas palomeras del mismo diseño 12x6x6 cm. Un empaque contiene 10 paquetes,,$17.83,,$0.00,,,
Palomera,CP7 S06,Paquete individual con 6 cajas palomeras del mismo diseño 12x6x6 cm. Un empaque contiene 10 paquetes,,$17.83,,$0.00,,,
Palomera,CP7 S07,Paquete individual con 6 cajas palomeras del mismo diseño 12x6x6 cm. Un empaque contiene 10 paquetes,,$17.83,,$0.00,,,
Palomera,CP7 S09,Paquete individual con 6 cajas palomeras del mismo diseño 12x6x6 cm. Un empaque contiene 10 paquetes,,$17.83,,$0.00,,,
Palomera,CP7 S11,Paquete individual con 6 cajas palomeras del mismo diseño 12x6x6 cm. Un empaque contiene 10 paquetes,,$17.83,,$0.00,,,
Palomera,CP7 S12,Paquete individual con 6 cajas palomeras del mismo diseño 12x6x6 cm. Un empaque contiene 10 paquetes,,$17.83,,$0.00,,,
Palomera,CP7 S13,Paquete individual con 6 cajas palomeras del mismo diseño 12x6x6 cm. Un empaque contiene 10 paquetes,,$17.83,,$0.00,,,
Palomera,CP7 S14,Paquete individual con 6 cajas palomeras del mismo diseño 12x6x6 cm. Un empaque contiene 10 paquetes,,$17.83,,$0.00,,,
Palomera,CP7 S15,Paquete individual con 6 cajas palomeras del mismo diseño 12x6x6 cm. Un empaque contiene 10 paquetes,,$17.83,,$0.00,,,
Palomera,CP7 S16,Paquete individual con 6 cajas palomeras del mismo diseño 12x6x6 cm. Un empaque contiene 10 paquetes,,$17.83,,$0.00,,,
Palomera,CP7 S17,Paquete individual con 6 cajas palomeras del mismo diseño 12x6x6 cm. Un empaque contiene 10 paquetes,,$17.83,,$0.00,,,
Palomera,CP7 S18,Paquete individual con 6 cajas palomeras del mismo diseño 12x6x6 cm. Un empaque contiene 10 paquetes,,$17.83,,$0.00,,,
Palomera,CP7 S19,Paquete individual con 6 cajas palomeras del mismo diseño 12x6x6 cm. Un empaque contiene 10 paquetes,,$17.83,,$0.00,,,
Charola,CHD2 S01,Paquete individual con 6 charolas del mismo diseño y/o liso 5.5x19.5x4 cm. Un empaque contiene 10 paquetes,,$13.50,,$0.00,,,
Charola,CHD2 S04,Paquete individual con 6 charolas del mismo diseño y/o liso 5.5x19.5x4 cm. Un empaque contiene 10 paquetes,,$13.50,,$0.00,,,
Charola,CHD2 S06,Paquete individual con 6 charolas del mismo diseño y/o liso 5.5x19.5x4 cm. Un empaque contiene 10 paquetes,,$13.50,,$0.00,,,
Charola,CHD2 S07,Paquete individual con 6 charolas del mismo diseño y/o liso 5.5x19.5x4 cm. Un empaque contiene 10 paquetes,,$13.50,,$0.00,,,
Charola,CHD2 S12,Paquete individual con 6 charolas del mismo diseño y/o liso 5.5x19.5x4 cm. Un empaque contiene 10 paquetes,,$13.50,,$0.00,,,
Charola,CHD2 S13,Paquete individual con 6 charolas del mismo diseño y/o liso 5.5x19.5x4 cm. Un empaque contiene 10 paquetes,,$13.50,,$0.00,,,
Charola,CHD2 S15,Paquete individual con 6 charolas del mismo diseño y/o liso 5.5x19.5x4 cm. Un empaque contiene 10 paquetes,,$13.50,,$0.00,,,
Charola,CHD2 S17,Paquete individual con 6 charolas del mismo diseño y/o liso 5.5x19.5x4 cm. Un empaque contiene 10 paquetes,,$13.50,,$0.00,,,
Charola,CHD2 S20,Paquete individual con 6 charolas kraft del mismo diseño y/o liso 5.5x19.5x4 cm. Un empaque contiene 10 paquetes,,$13.50,,$0.00,,,
Caja de papas fritas,CF1 S01,Paquete individual con 6 cajas del mismo diseño 5.2x7.3x10cm. Un empaque contiene 10 paquetes,,$13.50,,$0.00,,,
Caja de papas fritas,CF1 S04,Paquete individual con 6 cajas del mismo diseño 5.2x7.3x10cm. Un empaque contiene 10 paquetes,,$13.50,,$0.00,,,
Caja de papas fritas,CF1 S06,Paquete individual con 6 cajas del mismo diseño 5.2x7.3x10cm. Un empaque contiene 10 paquetes,,$13.50,,$0.00,,,
Caja de papas fritas,CF1 S07,Paquete individual con 6 cajas del mismo diseño 5.2x7.3x10cm. Un empaque contiene 10 paquetes,,$13.50,,$0.00,,,
Caja de papas fritas,CF1 S12,Paquete individual con 6 cajas del mismo diseño 5.2x7.3x10cm. Un empaque contiene 10 paquetes,,$13.50,,$0.00,,,
Caja de papas fritas,CF1 S13,Paquete individual con 6 cajas del mismo diseño 5.2x7.3x10cm. Un empaque contiene 10 paquetes,,$13.50,,$0.00,,,
Caja de papas fritas,CF1 S15,Paquete individual con 6 cajas del mismo diseño 5.2x7.3x10cm. Un empaque contiene 10 paquetes,,$13.50,,$0.00,,,
Caja de papas fritas,CF1 S17,Paquete individual con 6 cajas del mismo diseño 5.2x7.3x10cm. Un empaque contiene 10 paquetes,,$13.50,,$0.00,,,
Caja de papas fritas,CF1 S20,Paquete individual con 6 cajas kraft del mismo diseño 5.2x7.3x10cm. Un empaque contiene 10 paquetes,,$13.50,,$0.00,,,
Cenefas para cupcakes,PCA 001,Paquete individual con 12 cenefas para cupcakes del mismo diseño. Un empaque contiene 10 paquetes,,$3.50,,$0.00,,,
Cenefas para cupcakes,PCA 002,Paquete individual con 12 cenefas para cupcakes del mismo diseño. Un empaque contiene 10 paquetes,,$3.50,,$0.00,,,
Cenefas para cupcakes,PCA 003,Paquete individual con 12 cenefas para cupcakes del mismo diseño. Un empaque contiene 10 paquetes,,$3.50,,$0.00,,,
Cenefas para cupcakes,PCA 004,Paquete individual con 12 cenefas para cupcakes del mismo diseño. Un empaque contiene 10 paquetes,,$3.50,,$0.00,,,
Cenefas para cupcakes,PCC 003,Paquete individual con 12 cenefas para cupcakes del mismo diseño. Un empaque contiene 10 paquetes,,$3.50,,$0.00,,,
Cenefas para cupcakes,PCC 008,Paquete individual con 12 cenefas para cupcakes del mismo diseño. Un empaque contiene 10 paquetes,,$3.50,,$0.00,,,
Cenefas para cupcakes,PCC 009,Paquete individual con 12 cenefas para cupcakes del mismo diseño. Un empaque contiene 10 paquetes,,$3.50,,$0.00,,,
Cenefas para cupcakes,PCC 012,Paquete individual con 12 cenefas para cupcakes del mismo diseño. Un empaque contiene 10 paquetes,,$3.50,,$0.00,,,
Cenefas para cupcakes,PCC 014,Paquete individual con 12 cenefas para cupcakes del mismo diseño. Un empaque contiene 10 paquetes,,$3.50,,$0.00,,,
Cenefas para cupcakes,PCB 004,Paquete individual con 12 cenefas para cupcakes del mismo diseño. Un empaque contiene 10 paquetes,,$3.50,,$0.00,,,
Cenefas para cupcakes,PCB 005,Paquete individual con 12 cenefas para cupcakes del mismo diseño. Un empaque contiene 10 paquetes,,$3.50,,$0.00,,,
Cenefas para cupcakes,PCB 006,Paquete individual con 12 cenefas para cupcakes del mismo diseño. Un empaque contiene 10 paquetes,,$3.50,,$0.00,,,
Cenefas para cupcakes,PCB 009,Paquete individual con 12 cenefas para cupcakes del mismo diseño. Un empaque contiene 10 paquetes,,$3.50,,$0.00,,,
Cenefas para cupcakes,PCB 010,Paquete individual con 12 cenefas para cupcakes del mismo diseño. Un empaque contiene 10 paquetes,,$3.50,,$0.00,,,
Cenefas para cupcakes,PCB 017,Paquete individual con 12 cenefas para cupcakes del mismo diseño. Un empaque contiene 10 paquetes,,$3.50,,$0.00,,,
Cenefas para cupcakes,PCB 018,Paquete individual con 12 cenefas para cupcakes del mismo diseño. Un empaque contiene 10 paquetes,,$3.50,,$0.00,,,
Cenefas para cupcakes,PCB 019,Paquete individual con 12 cenefas para cupcakes del mismo diseño. Un empaque contiene 10 paquetes,,$3.50,,$0.00,,,
Cenefas para cupcakes,PCB 022,Paquete individual con 12 cenefas para cupcakes del mismo diseño. Un empaque contiene 10 paquetes,,$3.50,,$0.00,,,
Cenefas para cupcakes,PCB 023,Paquete individual con 12 cenefas para cupcakes del mismo diseño. Un empaque contiene 10 paquetes,,$3.50,,$0.00,,,
Cenefas para cupcakes,PCB 025,Paquete individual con 12 cenefas para cupcakes del mismo diseño. Un empaque contiene 10 paquetes,,$3.50,,$0.00,,,
Cenefas para cupcakes,PCP 301,Paquete individual con 12 cenefas para cupcakes del mismo diseño. Un empaque contiene 10 paquetes,,$3.50,,$0.00,,,
Cenefas para cupcakes,PCP 302,Paquete individual con 12 cenefas para cupcakes del mismo diseño. Un empaque contiene 10 paquetes,,$3.50,,$0.00,,,
Cenefas para cupcakes,PCP 303,Paquete individual con 12 cenefas para cupcakes del mismo diseño. Un empaque contiene 10 paquetes,,$3.50,,$0.00,,,
Cenefas para cupcakes,PCG 101,Paquete individual con 12 cenefas para cupcakes del mismo diseño. Un empaque contiene 10 paquetes,,$3.50,,$0.00,,,
Cenefas para cupcakes,PCG 102,Paquete individual con 12 cenefas para cupcakes del mismo diseño. Un empaque contiene 10 paquetes,,$3.50,,$0.00,,,
Cenefas para cupcakes,PCP 101,Paquete individual con 12 cenefas para cupcakes del mismo diseño. Un empaque contiene 10 paquetes,,$3.50,,$0.00,,,
Cenefas para cupcakes,PCP 102,Paquete individual con 12 cenefas para cupcakes del mismo diseño. Un empaque contiene 10 paquetes,,$3.50,,$0.00,,,
Cenefas para cupcakes,PCP 103,Paquete individual con 12 cenefas para cupcakes del mismo diseño. Un empaque contiene 10 paquetes,,$3.50,,$0.00,,,
Cenefas para cupcakes,PCP 104,Paquete individual con 12 cenefas para cupcakes del mismo diseño. Un empaque contiene 10 paquetes,,$3.50,,$0.00,,,
Cenefas para cupcakes,PCW 008,Paquete individual con 12 cenefas para cupcakes del mismo diseño. Un empaque contiene 10 paquetes,,$3.50,,$0.00,,,
Cenefas para cupcakes,PCW 003,Paquete individual con 12 cenefas para cupcakes del mismo diseño. Un empaque contiene 10 paquetes,,$3.50,,$0.00,,,
Cenefas para cupcakes,PCD 001,Paquete individual con 12 cenefas para cupcakes del mismo diseño. Un empaque contiene 10 paquetes,,$3.50,,$0.00,,,
Cenefas para cupcakes,PCD 002,Paquete individual con 12 cenefas para cupcakes del mismo diseño. Un empaque contiene 10 paquetes,,$3.50,,$0.00,,,
Cenefas para cupcakes,PCD 003,Paquete individual con 12 cenefas para cupcakes del mismo diseño. Un empaque contiene 10 paquetes,,$3.50,,$0.00,,,
Banderitas decorativas ,BCA 002C,Paquete individual con 12 banderitas decoradas del mismo diseño de 3 cm. Un empaque contiene 10 paquetes ,,$3.50,,$0.00,,,
Banderitas decorativas ,BCC 001R,Paquete individual con 12 banderitas decoradas del mismo diseño de 3.5 cm de diametro. Un empaque contiene 10 paquetes,,$3.50,,$0.00,,,
Banderitas decorativas ,BCC 001C,Paquete individual con 12 banderitas decoradas del mismo diseño de 3 cm. Un empaque contiene 10 paquetes ,,$3.50,,$0.00,,,
Banderitas decorativas ,BCC 003C,Paquete individual con 12 banderitas decoradas del mismo diseño de 3 cm. Un empaque contiene 10 paquetes ,,$3.50,,$0.00,,,
Banderitas decorativas ,BCC 005C,Paquete individual con 12 banderitas decoradas del mismo diseño de 3 cm. Un empaque contiene 10 paquetes ,,$3.50,,$0.00,,,
Banderitas decorativas ,BCC 006C,Paquete individual con 12 banderitas decoradas del mismo diseño de 3 cm. Un empaque contiene 10 paquetes ,,$3.50,,$0.00,,,
Banderitas decorativas ,BCC 007R,Paquete individual con 12 banderitas decoradas del mismo diseño de 3.5 cm de diametro. Un empaque contiene 10 paquetes,,$4.50,,$0.00,,,
Banderitas decorativas ,BCC 008R,Paquete individual con 12 banderitas decoradas del mismo diseño de 3.5 cm de diametro. Un empaque contiene 10 paquetes,,$3.50,,$0.00,,,
Banderitas decorativas ,BCC 008C,Paquete individual con 12 banderitas decoradas del mismo diseño de 3 cm. Un empaque contiene 10 paquetes ,,$3.50,,$0.00,,,
Banderitas decorativas ,BCC 009C,Paquete individual con 12 banderitas decoradas del mismo diseño de 3 cm. Un empaque contiene 10 paquetes ,,$3.50,,$0.00,,,
Banderitas decorativas ,BCC 011R,Paquete individual con 12 banderitas decoradas del mismo diseño de 3.5 cm de diametro. Un empaque contiene 10 paquetes,,$3.50,,$0.00,,,
Banderitas decorativas ,BCC 011C,Paquete individual con 12 banderitas decoradas del mismo diseño de 3 cm. Un empaque contiene 10 paquetes ,,$3.50,,$0.00,,,
Banderitas decorativas ,BCC 012C,Paquete individual con 12 banderitas decoradas del mismo diseño de 3 cm. Un empaque contiene 10 paquetes ,,$3.50,,$0.00,,,
Banderitas decorativas ,BCC 014C,Paquete individual con 12 banderitas decoradas del mismo diseño de 3 cm. Un empaque contiene 10 paquetes ,,$3.50,,$0.00,,,
Banderitas decorativas ,BCC 016R,Paquete individual con 12 banderitas decoradas del mismo diseño de 3.5 cm de diametro. Un empaque contiene 10 paquetes,,$3.50,,$0.00,,,
Banderitas decorativas ,BCC 016C,Paquete individual con 12 banderitas decoradas del mismo diseño de 3 cm. Un empaque contiene 10 paquetes ,,$3.50,,$0.00,,,
Banderitas decorativas ,BCB 004R,Paquete individual con 12 banderitas decoradas del mismo diseño de 3.5 cm de diametro. Un empaque contiene 10 paquetes,,$3.50,,$0.00,,,
Banderitas decorativas ,BCB 005R,Paquete individual con 12 banderitas decoradas del mismo diseño de 3.5 cm de diametro. Un empaque contiene 10 paquetes,,$3.50,,$0.00,,,
Banderitas decorativas ,BCB 005C,Paquete individual con 12 banderitas decoradas del mismo diseño de 3 cm. Un empaque contiene 10 paquetes ,,$3.50,,$0.00,,,
Banderitas decorativas ,BCB 006C,Paquete individual con 12 banderitas decoradas del mismo diseño de 3 cm. Un empaque contiene 10 paquetes ,,$3.50,,$0.00,,,
Banderitas decorativas ,BCB 008C,Paquete individual con 12 banderitas decoradas del mismo diseño de 3 cm. Un empaque contiene 10 paquetes ,,$3.50,,$0.00,,,
Banderitas decorativas ,BCB 009C,Paquete individual con 12 banderitas decoradas del mismo diseño de 3 cm. Un empaque contiene 10 paquetes ,,$3.50,,$0.00,,,
Banderitas decorativas ,BCB 017R,Paquete individual con 12 banderitas decoradas del mismo diseño de 3.5 cm de diametro. Un empaque contiene 10 paquetes,,$3.50,,$0.00,,,
Banderitas decorativas ,BCB 018R,Paquete individual con 12 banderitas decoradas del mismo diseño de 3.5 cm de diametro. Un empaque contiene 10 paquetes,,$3.50,,$0.00,,,
Banderitas decorativas ,BCB 019R,Paquete individual con 12 banderitas decoradas del mismo diseño de 3.5 cm de diametro. Un empaque contiene 10 paquetes,,$3.50,,$0.00,,,
Banderitas decorativas ,BCB 022R,Paquete individual con 12 banderitas decoradas del mismo diseño de 3.5 cm de diametro. Un empaque contiene 10 paquetes,,$3.50,,$0.00,,,
Banderitas decorativas ,BCB 023R,Paquete individual con 12 banderitas decoradas del mismo diseño de 3.5 cm de diametro. Un empaque contiene 10 paquetes,,$3.50,,$0.00,,,
Banderitas decorativas ,BCB 025R,Paquete individual con 12 banderitas decoradas del mismo diseño de 3.5 cm de diametro. Un empaque contiene 10 paquetes,,$3.50,,$0.00,,,
Banderitas decorativas ,BCG 101R,Paquete individual con 12 banderitas decoradas del mismo diseño de 3.5 cm de diametro. Un empaque contiene 10 paquetes,,$3.50,,$0.00,,,
Banderitas decorativas ,BCG 102R,Paquete individual con 12 banderitas decoradas del mismo diseño de 3.5 cm de diametro. Un empaque contiene 10 paquetes,,$3.50,,$0.00,,,
Banderitas decorativas ,BCG 103R,Paquete individual con 12 banderitas decoradas del mismo diseño de 3.5 cm de diametro. Un empaque contiene 10 paquetes,,$3.50,,$0.00,,,
Banderitas decorativas ,BCP 101C,Paquete individual con 12 banderitas decoradas del mismo diseño de 3 cm. Un empaque contiene 10 paquetes ,,$3.50,,$0.00,,,
Banderitas decorativas ,BCP 102C,Paquete individual con 12 banderitas decoradas del mismo diseño de 3 cm. Un empaque contiene 10 paquetes ,,$3.50,,$0.00,,,
Banderitas decorativas ,BCP 103C,Paquete individual con 12 banderitas decoradas del mismo diseño de 3 cm. Un empaque contiene 10 paquetes ,,$3.50,,$0.00,,,
Banderitas decorativas ,BCW 001R,Paquete individual con 12 banderitas decoradas del mismo diseño de 3.5 cm de diametro. Un empaque contiene 10 paquetes,,$3.50,,$0.00,,,
Banderitas decorativas ,BCW 002R,Paquete individual con 12 banderitas decoradas del mismo diseño de 3.5 cm de diametro. Un empaque contiene 10 paquetes,,$3.50,,$0.00,,,
Banderitas decorativas ,BCW 004R,Paquete individual con 12 banderitas decoradas del mismo diseño de 3.5 cm de diametro. Un empaque contiene 10 paquetes,,$3.50,,$0.00,,,
Banderitas decorativas ,BCW 007R,Paquete individual con 12 banderitas decoradas del mismo diseño de 3.5 cm de diametro. Un empaque contiene 10 paquetes,,$3.50,,$0.00,,,
Banderitas decorativas ,BCW 008R,Paquete individual con 12 banderitas decoradas del mismo diseño de 3.5 cm de diametro. Un empaque contiene 10 paquetes,,$3.50,,$0.00,,,
Banderitas decorativas ,BCW 003R,Paquete individual con 12 banderitas decoradas del mismo diseño de 3.5 cm de diametro. Un empaque contiene 10 paquetes,,$3.50,,$0.00,,,
Banderitas decorativas ,BCD 001R,Paquete individual con 12 banderitas decoradas del mismo diseño de 3.5 cm de diametro. Un empaque contiene 10 paquetes,,$3.50,,$0.00,,,
Banderitas decorativas ,BCD 002R,Paquete individual con 12 banderitas decoradas del mismo diseño de 3.5 cm de diametro. Un empaque contiene 10 paquetes,,$3.50,,$0.00,,,
Banderitas decorativas ,BCB 003C,Paquete individual con 12 banderitas decoradas del mismo diseño de 3 cm. Un empaque contiene 10 paquetes ,,$3.50,,$0.00,,,
Banderitas decorativas ,BCD 004R,Paquete individual con 12 banderitas decoradas del mismo diseño de 3.5 cm de diametro. Un empaque contiene 10 paquetes,,$3.50,,$0.00,,,
Banderitas decorativas ,BCQ 001R,Paquete individual con 12 banderitas decoradas del mismo diseño de 3.5 cm de diametro. Un empaque contiene 10 paquetes,,$3.50,,$0.00,,,
Banderitas decorativas ,BCB 015R,Paquete individual con 12 banderitas decoradas del mismo diseño de 3.5 cm de diametro. Un empaque contiene 10 paquetes,,$3.50,,$0.00,,,
Banderitas decorativas ,BCD 005R,Paquete individual con 12 banderitas decoradas del mismo diseño de 3.5 cm de diametro. Un empaque contiene 10 paquetes,,$3.50,,$0.00,,,
Banderitas decorativas ,BCD 005C,Paquete individual con 12 banderitas decoradas del mismo diseño de 3 cm. Un empaque contiene 10 paquetes ,,$3.50,,$0.00,,,
Banderitas decorativas ,BCB 013C,Paquete individual con 12 banderitas decoradas del mismo diseño de 3 cm. Un empaque contiene 10 paquetes ,,$3.50,,$0.00,,,
Banderitas decorativas ,BCB O16R,Paquete individual con 12 banderitas decoradas del mismo diseño de 3.5 cm de diametro. Un empaque contiene 10 paquetes,,$3.50,,$0.00,,,
Banderitas decorativas ,BCB O16C,Paquete individual con 12 banderitas decoradas del mismo diseño de 3 cm. Un empaque contiene 10 paquetes ,,$3.50,,$0.00,,,
Banderitas decorativas ,BCC 004C,Paquete individual con 12 banderitas decoradas del mismo diseño de 3 cm. Un empaque contiene 10 paquetes ,,$3.50,,$0.00,,,
Banderitas decorativas ,BCC 022R,Paquete individual con 12 banderitas decoradas del mismo diseño de 3.5 cm de diametro. Un empaque contiene 10 paquetes,,$3.50,,$0.00,,,
Banderitas decorativas ,BCB 00,Paquete individual con 12 banderitas decoradas del mismo diseño de 3 cm. Un empaque contiene 10 paquetes ,,$3.50,,$0.00,,,
Banderitas decorativas ,BCP 401C,Paquete individual con 12 banderitas decoradas del mismo diseño de 3 cm. Un empaque contiene 10 paquetes ,,$3.50,,$0.00,,,
,,,,,,,,,
,,,,SUB TOTAL,,$0.00,,,
,,,,IVA,,$0.00,,,
,,,,TOTAL,,$0.00,,,